-- phpMyAdmin SQL Dump
-- version 5.2.1
-- https://www.phpmyadmin.net/
--
-- Host: 127.0.0.1
-- Waktu pembuatan: 24 Jun 2024 pada 09.19
-- Versi server: 10.4.32-MariaDB
-- Versi PHP: 8.2.12

SET SQL_MODE = "NO_AUTO_VALUE_ON_ZERO";
START TRANSACTION;
SET time_zone = "+00:00";


/*!40101 SET @OLD_CHARACTER_SET_CLIENT=@@CHARACTER_SET_CLIENT */;
/*!40101 SET @OLD_CHARACTER_SET_RESULTS=@@CHARACTER_SET_RESULTS */;
/*!40101 SET @OLD_COLLATION_CONNECTION=@@COLLATION_CONNECTION */;
/*!40101 SET NAMES utf8mb4 */;

--
-- Database: `recruitment`
--

-- --------------------------------------------------------

--
-- Struktur dari tabel `hak_akses`
--

CREATE TABLE `hak_akses` (
  `id_hak_akses` int(11) NOT NULL,
  `role_id` int(11) DEFAULT NULL,
  `menu_id` int(11) DEFAULT NULL
) ENGINE=InnoDB DEFAULT CHARSET=utf8mb4 COLLATE=utf8mb4_general_ci;

--
-- Dumping data untuk tabel `hak_akses`
--

INSERT INTO `hak_akses` (`id_hak_akses`, `role_id`, `menu_id`) VALUES
(1, 1, 5),
(2, 1, 6),
(3, 1, 7),
(4, 2, 1),
(5, 2, 3),
(6, 2, 4),
(7, 3, 1),
(8, 3, 2);

-- --------------------------------------------------------

--
-- Struktur dari tabel `menu`
--

CREATE TABLE `menu` (
  `id_menu` int(11) NOT NULL,
  `nama_menu` varchar(20) DEFAULT NULL,
  `direktori` varchar(20) DEFAULT NULL,
  `icon` varchar(50) DEFAULT NULL
) ENGINE=InnoDB DEFAULT CHARSET=utf8mb4 COLLATE=utf8mb4_general_ci;

--
-- Dumping data untuk tabel `menu`
--

INSERT INTO `menu` (`id_menu`, `nama_menu`, `direktori`, `icon`) VALUES
(1, 'lowongan kerja', 'lowongan_kerja', 'bx bx-news'),
(2, 'tes & orientasi', 'tes_orientasi', 'bx bx-calendar-edit'),
(3, 'tes dasar skill', 'test_skill', 'bx bx-highlight'),
(4, 'data karyawan', 'data_karyawan', 'bx bx-body'),
(5, 'file lamaran', 'file_lamaran', 'bx bx-file-find'),
(6, 'penjadwalan', 'penjadwalan', 'bx bx-calendar-edit'),
(7, 'master', 'master', 'bx bx-layer');

-- --------------------------------------------------------

--
-- Struktur dari tabel `role`
--

CREATE TABLE `role` (
  `id_role` int(11) NOT NULL,
  `nama_role` varchar(50) DEFAULT NULL
) ENGINE=InnoDB DEFAULT CHARSET=utf8mb4 COLLATE=utf8mb4_general_ci;

--
-- Dumping data untuk tabel `role`
--

INSERT INTO `role` (`id_role`, `nama_role`) VALUES
(1, 'Admin Recruitment'),
(2, 'Human Resource Development (HRD)'),
(3, 'Pelamar');

-- --------------------------------------------------------

--
-- Struktur dari tabel `submenu`
--

CREATE TABLE `submenu` (
  `id_submenu` int(11) NOT NULL,
  `nama_submenu` varchar(20) DEFAULT NULL,
  `direktori` varchar(20) DEFAULT NULL,
  `menu_id` int(11) DEFAULT NULL
) ENGINE=InnoDB DEFAULT CHARSET=utf8mb4 COLLATE=utf8mb4_general_ci;

--
-- Dumping data untuk tabel `submenu`
--

INSERT INTO `submenu` (`id_submenu`, `nama_submenu`, `direktori`, `menu_id`) VALUES
(1, 'data user', 'data_user', 7);

-- --------------------------------------------------------

--
-- Struktur dari tabel `user`
--

CREATE TABLE `user` (
  `id_user` int(11) NOT NULL,
  `username` varchar(20) DEFAULT NULL,
  `email` varchar(50) DEFAULT NULL,
  `password` text DEFAULT NULL,
  `role_id` int(11) DEFAULT NULL,
  `is_active` int(11) DEFAULT 1
) ENGINE=InnoDB DEFAULT CHARSET=utf8mb4 COLLATE=utf8mb4_general_ci;

--
-- Indexes for dumped tables
--

--
-- Indeks untuk tabel `hak_akses`
--
ALTER TABLE `hak_akses`
  ADD PRIMARY KEY (`id_hak_akses`),
  ADD KEY `hak_akses_role_FK` (`role_id`),
  ADD KEY `hak_akses_menu_FK` (`menu_id`);

--
-- Indeks untuk tabel `menu`
--
ALTER TABLE `menu`
  ADD PRIMARY KEY (`id_menu`);

--
-- Indeks untuk tabel `role`
--
ALTER TABLE `role`
  ADD PRIMARY KEY (`id_role`);

--
-- Indeks untuk tabel `submenu`
--
ALTER TABLE `submenu`
  ADD PRIMARY KEY (`id_submenu`),
  ADD KEY `submenu_menu_FK` (`menu_id`);

--
-- Indeks untuk tabel `user`
--
ALTER TABLE `user`
  ADD PRIMARY KEY (`id_user`),
  ADD KEY `user_role_FK` (`role_id`);

--
-- AUTO_INCREMENT untuk tabel yang dibuang
--

--
-- AUTO_INCREMENT untuk tabel `hak_akses`
--
ALTER TABLE `hak_akses`
  MODIFY `id_hak_akses` int(11) NOT NULL AUTO_INCREMENT, AUTO_INCREMENT=9;

--
-- AUTO_INCREMENT untuk tabel `menu`
--
ALTER TABLE `menu`
  MODIFY `id_menu` int(11) NOT NULL AUTO_INCREMENT, AUTO_INCREMENT=8;

--
-- AUTO_INCREMENT untuk tabel `role`
--
ALTER TABLE `role`
  MODIFY `id_role` int(11) NOT NULL AUTO_INCREMENT, AUTO_INCREMENT=4;

--
-- AUTO_INCREMENT untuk tabel `submenu`
--
ALTER TABLE `submenu`
  MODIFY `id_submenu` int(11) NOT NULL AUTO_INCREMENT, AUTO_INCREMENT=2;

--
-- AUTO_INCREMENT untuk tabel `user`
--
ALTER TABLE `user`
  MODIFY `id_user` int(11) NOT NULL AUTO_INCREMENT;

--
-- Ketidakleluasaan untuk tabel pelimpahan (Dumped Tables)
--

--
-- Ketidakleluasaan untuk tabel `hak_akses`
--
ALTER TABLE `hak_akses`
  ADD CONSTRAINT `hak_akses_menu_FK` FOREIGN KEY (`menu_id`) REFERENCES `menu` (`id_menu`) ON DELETE CASCADE ON UPDATE CASCADE,
  ADD CONSTRAINT `hak_akses_role_FK` FOREIGN KEY (`role_id`) REFERENCES `role` (`id_role`) ON DELETE CASCADE ON UPDATE CASCADE;

--
-- Ketidakleluasaan untuk tabel `submenu`
--
ALTER TABLE `submenu`
  ADD CONSTRAINT `submenu_menu_FK` FOREIGN KEY (`menu_id`) REFERENCES `menu` (`id_menu`) ON DELETE CASCADE ON UPDATE CASCADE;

--
-- Ketidakleluasaan untuk tabel `user`
--
ALTER TABLE `user`
  ADD CONSTRAINT `user_role_FK` FOREIGN KEY (`role_id`) REFERENCES `role` (`id_role`) ON DELETE CASCADE ON UPDATE CASCADE;
COMMIT;

/*!40101 SET CHARACTER_SET_CLIENT=@OLD_CHARACTER_SET_CLIENT */;
/*!40101 SET CHARACTER_SET_RESULTS=@OLD_CHARACTER_SET_RESULTS */;
/*!40101 SET COLLATION_CONNECTION=@OLD_COLLATION_CONNECTION */;
